ID	stories	errors
germline	0.999999999999988	0
1	0.853898371083549	0.0138418396588731
2	0.625679963937714	0.0181970446741279
3	0.444713464764181	0.0133958286538309
4	0.280656030986397	0.00759212692903666
