ID	stories.normalsample_4SubClones_0.9	stories.TP_4SubClones0.9	errors.normalsample_4SubClones_0.9	errors.TP_4SubClones0.9
germline	1.00000000000	1.00000000000	0.000000000	0.000000000
1	0.00177689077	0.94984792751	0.003221094	0.007202610
2	0.00221764448	0.59401554445	0.007953084	0.021458227
3	0.00090050743	0.33700578639	0.002128092	0.006611725
4	0.00007757712	0.19586216317	0.006078205	0.013855452
